T,K,Spread,Weight,Type,Market,Model,Err,IV_Mkt,IV_Model
0.043,5700.0,0.25,4.0,PUT,1.07,1.43,0.36,0.3837,0.397
0.043,6375.0,0.8000000000000007,1.249999999999999,PUT,6.0,7.54,1.54,0.2399,0.2512
0.043,6680.0,0.8999999999999986,1.111111111111113,PUT,23.35,25.79,2.44,0.188,0.1948
0.043,7090.0,0.6000000000000014,1.6666666666666627,CALL,11.6,18.19,6.59,0.1027,0.1207
0.045,6125.0,0.75,1.3333333333333333,PUT,3.33,4.0,0.68,0.2905,0.2992
0.045,6525.0,0.8000000000000007,1.249999999999999,PUT,12.9,14.63,1.73,0.2146,0.2218
0.045,6730.0,0.9000000000000057,1.111111111111104,PUT,32.65,34.54,1.89,0.1813,0.1857
0.045,7175.0,0.2999999999999998,3.3333333333333353,CALL,2.85,7.14,4.29,0.0953,0.1172
0.048,6225.0,0.8000000000000007,1.249999999999999,PUT,5.1,5.8,0.7,0.2695,0.2759
0.048,6625.0,1.0,1.0,PUT,22.5,23.78,1.28,0.2,0.2038
0.048,7075.0,1.0,1.0,CALL,19.9,25.36,5.46,0.1105,0.1225
0.051,6125.0,0.5,2.0,PUT,4.75,4.85,0.1,0.291,0.292
0.051,6500.0,0.9000000000000004,1.1111111111111107,PUT,15.85,15.93,0.08,0.2243,0.2246
0.051,6770.0,1.2000000000000028,0.8333333333333314,PUT,46.8,45.8,-1.0,0.1802,0.1783
0.054,5300.0,0.25,4.0,PUT,1.18,0.75,-0.43,0.4598,0.4378
0.054,5675.0,0.4500000000000002,2.2222222222222214,PUT,2.17,1.81,-0.37,0.3815,0.3725
0.054,5840.0,0.6500000000000004,1.5384615384615377,PUT,2.98,2.63,-0.35,0.348,0.342
0.054,5970.0,0.7000000000000002,1.4285714285714282,PUT,3.85,3.57,-0.28,0.3214,0.3177
0.054,6100.0,0.40000000000000036,2.499999999999998,PUT,5.1,4.96,-0.14,0.295,0.2937
0.054,6180.0,0.40000000000000036,2.499999999999998,PUT,6.2,6.18,-0.02,0.2793,0.2791
0.054,6260.0,0.8999999999999995,1.1111111111111118,PUT,7.85,7.8,-0.05,0.2652,0.2649
0.054,6335.0,0.3999999999999986,2.500000000000009,PUT,9.8,9.86,0.06,0.2515,0.2518
0.054,6415.0,0.8999999999999986,1.111111111111113,PUT,12.95,12.84,-0.11,0.2387,0.2382
0.054,6490.0,0.5,2.0,PUT,16.85,16.67,-0.18,0.2262,0.2255
0.054,6565.0,1.0,1.0,PUT,22.4,21.88,-0.52,0.2146,0.213
0.054,6645.0,1.0,1.0,PUT,30.5,29.56,-0.94,0.2019,0.1996
0.054,6720.0,0.5999999999999943,1.6666666666666825,PUT,40.8,39.47,-1.33,0.1896,0.1868
0.054,7075.0,0.6000000000000014,1.6666666666666627,CALL,27.7,28.86,1.16,0.1203,0.1226
0.054,7150.0,0.3999999999999986,2.500000000000009,CALL,10.0,12.74,2.74,0.1087,0.1169
0.054,7230.0,0.40000000000000036,2.499999999999998,CALL,2.9,5.58,2.68,0.1032,0.1182
0.062,5900.0,0.7999999999999998,1.2500000000000002,PUT,3.9,3.81,-0.09,0.3203,0.3192
0.062,6375.0,1.0,1.0,PUT,12.8,14.28,1.48,0.2355,0.2417
0.062,6750.0,1.2999999999999972,0.7692307692307709,PUT,48.95,50.71,1.76,0.1779,0.1811
0.065,6000.0,1.0,1.0,PUT,5.3,5.31,0.01,0.2998,0.2999
0.065,6500.0,1.0,1.0,PUT,21.2,22.83,1.63,0.2166,0.2214
0.065,7150.0,1.0,1.0,CALL,13.5,17.13,3.63,0.108,0.1168
0.067,6350.0,0.5,2.0,PUT,14.05,15.23,1.18,0.2391,0.2438
0.067,6750.0,0.7000000000000028,1.4285714285714228,PUT,53.65,54.78,1.13,0.1788,0.1807
0.07,6100.0,0.9000000000000004,1.1111111111111107,PUT,7.95,8.01,0.06,0.28,0.2804
0.07,6700.0,1.2999999999999972,0.7692307692307709,PUT,47.65,48.24,0.59,0.1878,0.1888
0.073,5300.0,0.2999999999999998,3.3333333333333353,PUT,2.3,1.13,-1.17,0.4278,0.3932
0.073,5950.0,0.40000000000000036,2.499999999999998,PUT,6.5,5.8,-0.7,0.3067,0.3008
0.073,6350.0,0.5,2.0,PUT,17.05,17.32,0.27,0.2412,0.2421
0.073,6480.0,0.5,2.0,PUT,25.05,25.45,0.4,0.2218,0.2228
0.073,6620.0,0.5999999999999943,1.6666666666666825,PUT,39.0,39.06,0.06,0.2013,0.2014
0.073,6740.0,0.7000000000000028,1.4285714285714228,PUT,57.55,56.9,-0.65,0.183,0.182
0.073,7130.0,0.5,2.0,CALL,24.85,24.58,-0.27,0.1185,0.118
0.073,7275.0,0.40000000000000036,2.499999999999998,CALL,4.4,7.05,2.65,0.1071,0.1186
0.081,6300.0,1.1000000000000014,0.909090909090908,PUT,16.05,17.88,1.83,0.2406,0.247
0.081,6700.0,0.7000000000000028,1.4285714285714228,PUT,52.85,55.63,2.78,0.1833,0.1879
0.084,6100.0,1.0,1.0,PUT,10.5,11.08,0.58,0.2706,0.2736
0.092,5300.0,0.5,2.0,PUT,3.55,1.69,-1.86,0.4036,0.3671
0.092,5975.0,0.3999999999999986,2.500000000000009,PUT,9.9,9.52,-0.38,0.2886,0.2865
0.092,6375.0,0.5,2.0,PUT,24.95,26.44,1.49,0.2305,0.2344
0.092,6550.0,0.5999999999999943,1.6666666666666825,PUT,40.2,41.83,1.63,0.2068,0.2098
0.092,6680.0,1.2999999999999972,0.7692307692307709,PUT,58.15,59.11,0.96,0.1888,0.1903
0.092,7080.0,1.4000000000000057,0.7142857142857114,CALL,53.5,49.8,-3.7,0.1287,0.1237
0.092,7225.0,0.3999999999999986,2.500000000000009,CALL,14.6,15.84,1.24,0.1132,0.116
0.1,6100.0,1.1000000000000014,0.909090909090908,PUT,13.95,15.12,1.17,0.2634,0.2681
0.1,6700.0,1.4000000000000057,0.7142857142857114,PUT,64.2,67.16,2.96,0.1826,0.1867
0.11,4925.0,0.7000000000000002,1.4285714285714282,PUT,3.15,0.86,-2.29,0.4494,0.387
0.11,5300.0,0.40000000000000036,2.499999999999998,PUT,5.2,2.47,-2.73,0.3896,0.3516
0.11,5625.0,0.9999999999999991,1.0000000000000009,PUT,7.7,5.68,-2.02,0.3347,0.3184
0.11,5760.0,0.8999999999999986,1.111111111111113,PUT,9.35,7.91,-1.44,0.3131,0.3039
0.11,5890.0,0.8999999999999986,1.111111111111113,PUT,11.95,10.82,-1.13,0.2952,0.2896
0.11,6020.0,1.0,1.0,PUT,15.2,14.74,-0.46,0.2766,0.2748
0.11,6150.0,0.5,2.0,PUT,19.65,20.03,0.38,0.2583,0.2595
0.11,6270.0,1.1000000000000014,0.909090909090908,PUT,25.85,26.54,0.69,0.2431,0.2448
0.11,6345.0,1.2999999999999972,0.7692307692307709,PUT,29.75,31.64,1.89,0.2311,0.2354
0.11,6425.0,1.4000000000000057,0.7142857142857114,PUT,36.1,38.16,2.06,0.221,0.225
0.11,6500.0,0.5999999999999943,1.6666666666666825,PUT,44.2,45.49,1.29,0.2128,0.215
0.11,6580.0,0.5999999999999943,1.6666666666666825,PUT,53.9,54.9,1.0,0.2024,0.2039
0.11,6655.0,1.8000000000000043,0.5555555555555542,PUT,64.1,65.53,1.43,0.191,0.193
0.11,6735.0,1.9000000000000057,0.5263157894736826,PUT,78.55,79.28,0.73,0.18,0.1809
0.11,7085.0,1.4000000000000057,0.7142857142857114,CALL,65.2,59.04,-6.16,0.132,0.1245
0.11,7165.0,1.5999999999999943,0.6250000000000022,CALL,36.4,33.28,-3.12,0.1221,0.1176
0.11,7250.0,0.5,2.0,CALL,18.45,18.35,-0.1,0.1164,0.1162
0.11,7380.0,0.40000000000000036,2.499999999999998,CALL,5.9,8.4,2.5,0.1126,0.1215
0.11,7550.0,0.3500000000000001,2.8571428571428563,CALL,1.62,3.91,2.28,0.1173,0.1346
0.13,5975.0,1.2000000000000028,0.8333333333333314,PUT,17.8,17.63,-0.17,0.2754,0.2749
0.13,6375.0,1.4000000000000057,0.7142857142857114,PUT,39.8,41.84,2.04,0.2254,0.2291
0.13,6640.0,1.5999999999999943,0.6250000000000022,PUT,71.8,73.38,1.58,0.1922,0.1942
0.13,6780.0,1.6999999999999886,0.588235294117651,PUT,99.25,99.14,-0.11,0.1737,0.1735
0.13,7250.0,0.5,2.0,CALL,25.25,24.47,-0.78,0.1177,0.1164
0.141,4975.0,0.5,2.0,PUT,5.15,1.85,-3.3,0.4147,0.3631
0.141,5200.0,0.9000000000000004,1.1111111111111107,PUT,6.65,3.34,-3.31,0.3805,0.3446
0.141,5350.0,0.4999999999999991,2.0000000000000036,PUT,7.95,4.86,-3.09,0.3581,0.3318
0.141,5505.0,1.0,1.0,PUT,9.6,7.05,-2.55,0.335,0.318
0.141,5600.0,0.5,2.0,PUT,10.95,8.8,-2.15,0.3216,0.3093
0.141,5695.0,1.1000000000000014,0.909090909090908,PUT,12.45,10.92,-1.53,0.3079,0.3004
0.141,5775.0,1.1999999999999993,0.8333333333333338,PUT,14.1,13.05,-1.05,0.2972,0.2927
0.141,5860.0,1.1000000000000014,0.909090909090908,PUT,16.15,15.72,-0.43,0.2859,0.2843
0.141,5980.0,1.1000000000000014,0.909090909090908,PUT,19.85,20.35,0.5,0.2705,0.2721
0.141,6120.0,1.2000000000000028,0.8333333333333314,PUT,25.8,27.31,1.51,0.2534,0.2572
0.141,6205.0,1.2999999999999972,0.7692307692307709,PUT,30.35,32.57,2.22,0.2429,0.2477
0.141,6285.0,1.0999999999999943,0.9090909090909138,PUT,35.75,38.37,2.62,0.2335,0.2386
0.141,6360.0,1.4000000000000057,0.7142857142857114,PUT,41.7,44.69,2.99,0.2245,0.2297
0.141,6440.0,1.4000000000000057,0.7142857142857114,PUT,49.3,52.54,3.24,0.2149,0.22
0.141,6515.0,0.7000000000000028,1.4285714285714228,PUT,57.55,61.12,3.57,0.2054,0.2104
0.141,6595.0,1.5,0.6666666666666666,PUT,68.75,71.82,3.07,0.1959,0.1999
0.141,6670.0,1.5999999999999943,0.6250000000000022,PUT,81.0,83.58,2.58,0.1865,0.1895
0.141,6745.0,0.8000000000000114,1.2499999999999822,PUT,95.5,97.41,1.91,0.1766,0.1787
0.141,7100.0,0.6999999999999886,1.4285714285714517,CALL,74.95,70.97,-3.98,0.1297,0.1255
0.141,7175.0,1.5,0.6666666666666666,CALL,47.35,44.53,-2.82,0.1224,0.119
0.141,7255.0,0.6000000000000014,1.6666666666666627,CALL,27.0,27.22,0.22,0.1163,0.1166
0.141,7330.0,1.1999999999999993,0.8333333333333338,CALL,15.2,17.81,2.61,0.1126,0.1178
0.141,7410.0,1.0,1.0,CALL,8.1,11.88,3.78,0.1107,0.1211
0.141,7485.0,0.9000000000000004,1.1111111111111107,CALL,4.55,8.49,3.94,0.1107,0.1253
0.187,4875.0,0.8999999999999995,1.1111111111111118,PUT,7.75,3.07,-4.68,0.4047,0.3555
0.187,5250.0,1.0,1.0,PUT,11.4,7.27,-4.13,0.3525,0.3272
0.187,5650.0,1.1000000000000014,0.909090909090908,PUT,18.65,16.71,-1.94,0.3013,0.2945
0.187,5820.0,1.1000000000000014,0.909090909090908,PUT,23.65,23.23,-0.42,0.2807,0.2796
0.187,5940.0,1.3999999999999986,0.714285714285715,PUT,27.9,29.08,1.18,0.2657,0.2685
0.187,6075.0,1.0,1.0,PUT,35.2,37.2,2.0,0.2516,0.2555
0.187,6200.0,1.2999999999999972,0.7692307692307709,PUT,43.35,46.47,3.12,0.2377,0.2429
0.187,6330.0,1.4000000000000057,0.7142857142857114,PUT,53.6,58.3,4.7,0.2223,0.229
0.187,6430.0,1.6999999999999957,0.5882352941176485,PUT,64.15,69.25,5.1,0.2113,0.2178
0.187,6510.0,1.3000000000000114,0.7692307692307625,PUT,74.95,79.4,4.45,0.2032,0.2084
0.187,6585.0,1.8000000000000114,0.555555555555552,PUT,85.3,90.24,4.94,0.194,0.1992
0.187,6665.0,1.8000000000000114,0.555555555555552,PUT,99.2,103.48,4.28,0.1849,0.1891
0.187,6740.0,1.6999999999999886,0.588235294117651,PUT,114.45,117.79,3.34,0.1761,0.1792
0.187,7095.0,2.0999999999999943,0.4761904761904775,CALL,107.15,100.21,-6.94,0.1367,0.1306
0.187,7175.0,1.5999999999999943,0.6250000000000022,CALL,73.8,66.41,-7.39,0.1298,0.1227
0.187,7300.0,1.4000000000000057,0.7142857142857114,CALL,35.9,34.48,-1.42,0.1197,0.1179
0.187,7430.0,1.200000000000001,0.8333333333333326,CALL,16.0,18.9,2.9,0.1151,0.1204
0.187,7675.0,0.7000000000000002,1.4285714285714282,CALL,3.25,7.68,4.43,0.114,0.1327
0.223,5375.0,1.2000000000000028,0.8333333333333314,PUT,17.4,13.66,-3.74,0.3254,0.3107
0.223,5550.0,1.2000000000000028,0.8333333333333314,PUT,21.4,18.94,-2.46,0.3047,0.297
0.223,5750.0,1.2000000000000028,0.8333333333333314,PUT,27.7,27.09,-0.61,0.282,0.2806
0.223,5920.0,1.2000000000000028,0.8333333333333314,PUT,35.2,36.27,1.07,0.2637,0.2658
0.223,6070.0,1.2000000000000028,0.8333333333333314,PUT,43.9,46.5,2.6,0.2479,0.2521
0.223,6200.0,0.7000000000000028,1.4285714285714228,PUT,53.45,57.36,3.91,0.2341,0.2396
0.223,6340.0,1.5999999999999943,0.6250000000000022,PUT,66.9,71.56,4.66,0.2198,0.2254
0.223,6435.0,1.5,0.6666666666666666,PUT,78.15,82.98,4.83,0.21,0.2153
0.223,6515.0,1.5,0.6666666666666666,PUT,89.15,93.92,4.77,0.2015,0.2064
0.223,6605.0,1.6999999999999886,0.588235294117651,PUT,103.65,107.94,4.29,0.192,0.196
0.223,6680.0,1.8000000000000114,0.555555555555552,PUT,117.9,121.27,3.37,0.184,0.187
0.223,6765.0,1.8999999999999773,0.5263157894736905,PUT,136.75,138.59,1.84,0.1749,0.1764
0.223,7145.0,1.9000000000000057,0.5263157894736826,CALL,106.45,97.64,-8.81,0.1361,0.1289
0.223,7245.0,1.5999999999999943,0.6250000000000022,CALL,67.7,60.76,-6.94,0.128,0.1215
0.223,7335.0,1.5,0.6666666666666666,CALL,42.65,39.92,-2.73,0.1222,0.1192
0.223,7435.0,1.3999999999999986,0.714285714285715,CALL,24.3,26.09,1.79,0.1177,0.1203
0.223,7555.0,1.1999999999999993,0.8333333333333338,CALL,12.0,16.65,4.65,0.115,0.1244
0.223,7720.0,0.8000000000000007,1.249999999999999,CALL,4.7,9.78,5.08,0.1152,0.1322
0.264,5050.0,1.1000000000000014,0.909090909090908,PUT,16.05,10.47,-5.58,0.3545,0.3289
0.264,5425.0,1.2000000000000028,0.8333333333333314,PUT,23.6,20.36,-3.24,0.3107,0.3013
0.264,5800.0,1.2999999999999972,0.7692307692307709,PUT,37.85,37.65,-0.2,0.2722,0.2718
0.264,5925.0,1.4000000000000057,0.7142857142857114,PUT,44.7,45.72,1.02,0.2597,0.2613
0.264,6060.0,1.4000000000000057,0.7142857142857114,PUT,53.8,56.09,2.29,0.2463,0.2496
0.264,6180.0,1.5,0.6666666666666666,PUT,63.75,66.99,3.24,0.2346,0.2386
0.264,6320.0,2.0,0.5,PUT,77.3,82.07,4.77,0.2201,0.2253
0.264,6440.0,2.0999999999999943,0.4761904761904775,PUT,92.35,97.41,5.06,0.2083,0.2132
0.264,6560.0,1.6999999999999886,0.588235294117651,PUT,111.65,115.48,3.83,0.1972,0.2005
0.264,6640.0,2.4000000000000057,0.4166666666666657,PUT,125.4,129.36,3.96,0.1884,0.1917
0.264,6725.0,2.3999999999999773,0.4166666666666706,PUT,143.5,146.06,2.56,0.18,0.182
0.264,7075.0,2.1000000000000227,0.47619047619047106,CALL,164.75,156.65,-8.1,0.1461,0.1403
0.264,7190.0,2.0,0.5,CALL,110.7,99.56,-11.14,0.1373,0.1288
0.264,7325.0,1.5999999999999943,0.6250000000000022,CALL,63.0,55.7,-7.3,0.1281,0.1214
0.264,7475.0,0.6000000000000014,1.6666666666666627,CALL,30.3,30.77,0.47,0.1209,0.1215
0.264,7875.0,0.8000000000000003,1.2499999999999996,CALL,3.8,9.12,5.32,0.1176,0.137
0.303,5600.0,1.4000000000000057,0.7142857142857114,PUT,35.1,33.81,-1.29,0.2863,0.2837
0.303,6000.0,0.7999999999999972,1.2500000000000044,PUT,57.6,60.59,2.99,0.2479,0.2519
0.303,6375.0,1.9000000000000057,0.5263157894736826,PUT,95.65,101.08,5.43,0.2133,0.2184
0.303,6630.0,1.8999999999999773,0.5263157894736905,PUT,137.25,141.71,4.46,0.1895,0.1929
0.303,6760.0,2.3000000000000114,0.43478260869565005,PUT,166.05,168.56,2.51,0.1771,0.1789
0.303,7275.0,1.0,1.0,CALL,94.5,85.72,-8.78,0.133,0.1264
0.303,7800.0,0.6999999999999993,1.42857142857143,CALL,8.65,14.93,6.28,0.1175,0.1317
0.357,5125.0,0.7999999999999972,1.2500000000000044,PUT,26.7,21.83,-4.87,0.3261,0.3129
0.357,5525.0,1.0,1.0,PUT,40.4,38.84,-1.56,0.2872,0.2845
0.357,5900.0,1.2999999999999972,0.7692307692307709,PUT,62.85,64.47,1.62,0.2544,0.2564
0.357,6110.0,1.6999999999999886,0.588235294117651,PUT,80.45,84.49,4.04,0.2354,0.2396
0.357,6230.0,1.8000000000000114,0.555555555555552,PUT,93.4,98.25,4.85,0.2251,0.2296
0.357,6370.0,1.9000000000000057,0.5263157894736826,PUT,111.45,116.85,5.4,0.2129,0.2174
0.357,6490.0,2.1000000000000227,0.47619047619047106,PUT,130.05,135.36,5.31,0.2025,0.2066
0.357,6625.0,1.1999999999999886,0.8333333333333413,PUT,154.9,159.63,4.73,0.1905,0.1938
0.357,6750.0,1.8000000000000114,0.555555555555552,PUT,184.1,186.14,2.04,0.1801,0.1815
0.357,7160.0,2.5,0.4,CALL,170.85,162.81,-8.04,0.1451,0.1401
0.357,7280.0,2.3000000000000114,0.43478260869565005,CALL,117.75,108.49,-9.26,0.1369,0.1307
0.357,7425.0,1.1999999999999886,0.8333333333333413,CALL,69.7,64.87,-4.83,0.1286,0.1248
0.357,7825.0,1.0,1.0,CALL,13.0,19.92,6.92,0.1188,0.131
0.39,5100.0,1.3999999999999986,0.714285714285715,PUT,29.2,24.66,-4.54,0.323,0.3117
0.39,5500.0,0.7000000000000028,1.4285714285714228,PUT,43.85,42.66,-1.19,0.2857,0.2837
0.39,5875.0,1.5999999999999943,0.6250000000000022,PUT,66.7,69.28,2.58,0.2534,0.2564
0.39,6100.0,1.8000000000000114,0.555555555555552,PUT,87.0,91.48,4.48,0.2347,0.239
0.39,6230.0,2.0,0.5,PUT,101.6,107.0,5.4,0.2238,0.2286
0.39,6370.0,1.9000000000000057,0.5263157894736826,PUT,120.55,126.37,5.82,0.2123,0.2168
0.39,6475.0,2.3000000000000114,0.43478260869565005,PUT,137.05,142.99,5.94,0.2034,0.2077
0.39,6570.0,1.3000000000000114,0.7692307692307625,PUT,154.15,159.83,5.68,0.1953,0.1992
0.39,6655.0,2.3999999999999773,0.4166666666666706,PUT,171.7,176.59,4.89,0.1882,0.1914
0.39,6730.0,2.1999999999999886,0.4545454545454569,PUT,189.1,192.92,3.82,0.1819,0.1843
0.39,7110.0,2.3000000000000114,0.43478260869565005,CALL,211.45,207.75,-3.7,0.1496,0.1474
0.39,7230.0,2.3000000000000114,0.43478260869565005,CALL,152.05,145.45,-6.6,0.1411,0.1371
0.39,7550.0,1.5999999999999943,0.6250000000000022,CALL,50.5,50.96,0.46,0.1249,0.1253
0.436,4875.0,1.2000000000000028,0.8333333333333314,PUT,27.8,22.11,-5.69,0.3386,0.3235
0.436,5275.0,1.4000000000000057,0.7142857142857114,PUT,40.2,37.49,-2.71,0.301,0.2961
0.436,5650.0,1.5999999999999943,0.6250000000000022,PUT,59.2,60.03,0.83,0.2691,0.2702
0.436,6050.0,1.9000000000000057,0.5263157894736826,PUT,92.25,96.68,4.43,0.2371,0.2412
0.436,6220.0,2.0,0.5,PUT,112.0,117.53,5.53,0.2237,0.2282
0.436,6375.0,2.1000000000000227,0.47619047619047106,PUT,133.95,140.01,6.06,0.2114,0.2159
0.436,6500.0,2.1000000000000227,0.47619047619047106,PUT,154.85,161.02,6.17,0.2014,0.2055
0.436,6625.0,2.3999999999999773,0.4166666666666706,PUT,179.2,185.09,5.89,0.1911,0.1948
0.436,6760.0,2.5,0.4,PUT,210.65,215.28,4.63,0.1801,0.1829
0.436,7160.0,2.6000000000000227,0.38461538461538125,CALL,209.2,204.2,-5.0,0.1494,0.1466
0.436,7290.0,2.3000000000000114,0.43478260869565005,CALL,148.05,140.88,-7.17,0.1409,0.1366
0.436,7525.0,1.8000000000000114,0.555555555555552,CALL,70.4,68.08,-2.32,0.129,0.1273
0.436,7950.0,1.1000000000000014,0.909090909090908,CALL,14.35,22.69,8.34,0.1201,0.1333
0.532,5075.0,1.5,0.6666666666666666,PUT,43.35,39.89,-3.46,0.3094,0.3034
0.532,5475.0,1.7000000000000028,0.5882352941176461,PUT,63.35,63.13,-0.22,0.2774,0.2772
0.532,5850.0,1.9000000000000057,0.5263157894736826,PUT,92.85,95.43,2.58,0.2499,0.2522
0.532,6250.0,2.3000000000000114,0.43478260869565005,PUT,141.05,145.68,4.63,0.2213,0.2245
0.532,6625.0,2.5,0.4,PUT,209.25,213.99,4.74,0.1938,0.1965
0.532,7275.0,2.3999999999999773,0.4166666666666706,CALL,197.9,193.23,-4.67,0.1476,0.1452
0.532,7675.0,1.8000000000000114,0.555555555555552,CALL,65.6,66.56,0.96,0.1295,0.1302
0.532,8400.0,0.9000000000000004,1.1111111111111107,CALL,6.25,14.48,8.23,0.1234,0.1432
0.609,5175.0,1.4000000000000057,0.7142857142857114,PUT,55.9,54.46,-1.44,0.295,0.293
0.609,5550.0,1.5999999999999943,0.6250000000000022,PUT,79.5,80.98,1.48,0.2677,0.2692
0.609,5950.0,1.8000000000000114,0.555555555555552,PUT,118.0,121.86,3.86,0.2408,0.2437
0.609,6325.0,2.0,0.5,PUT,171.5,176.45,4.95,0.2159,0.2189
0.609,6725.0,2.299999999999983,0.4347826086956554,PUT,255.05,259.46,4.41,0.1885,0.1907
0.609,7375.0,2.3000000000000114,0.43478260869565005,CALL,185.05,183.09,-1.96,0.1454,0.1444
0.609,7775.0,1.5999999999999943,0.6250000000000022,CALL,64.8,69.01,4.21,0.1296,0.1325
0.609,9000.0,0.4500000000000002,2.2222222222222214,CALL,1.98,7.41,5.44,0.129,0.1544
0.642,5450.0,1.9000000000000057,0.5263157894736826,PUT,76.85,77.99,1.14,0.2732,0.2744
0.642,5850.0,1.5999999999999943,0.6250000000000022,PUT,113.0,116.54,3.54,0.2466,0.2494
0.642,6225.0,2.5,0.4,PUT,162.75,167.77,5.02,0.2224,0.2255
0.642,6365.0,2.5,0.4,PUT,186.45,191.69,5.24,0.2133,0.2163
0.642,6440.0,2.6999999999999886,0.3703703703703719,PUT,200.55,205.78,5.23,0.2084,0.2113
0.642,6520.0,2.8000000000000114,0.3571428571428557,PUT,216.7,221.89,5.19,0.2031,0.2058
0.642,6595.0,2.5,0.4,PUT,233.05,238.08,5.03,0.1981,0.2007
0.642,6675.0,2.6000000000000227,0.38461538461538125,PUT,251.8,256.63,4.83,0.1927,0.1952
0.642,6750.0,2.7000000000000455,0.37037037037036413,PUT,270.85,275.34,4.49,0.1877,0.1899
0.642,7105.0,2.8999999999999773,0.34482758620689924,CALL,336.25,340.46,4.21,0.1626,0.1645
0.642,7180.0,2.6000000000000227,0.38461538461538125,CALL,293.8,296.91,3.11,0.1579,0.1593
0.642,7255.0,2.6999999999999886,0.3703703703703719,CALL,254.45,256.23,1.78,0.1534,0.1542
0.642,7335.0,2.6999999999999886,0.3703703703703719,CALL,215.85,216.46,0.61,0.1488,0.1491
0.642,7800.0,2.0,0.5,CALL,68.1,73.02,4.92,0.1302,0.1336
0.685,5050.0,1.5999999999999943,0.6250000000000022,PUT,58.1,56.5,-1.6,0.2997,0.2976
0.685,5425.0,1.9000000000000057,0.5263157894736826,PUT,81.25,82.37,1.12,0.2734,0.2745
0.685,5825.0,2.1999999999999886,0.4545454545454569,PUT,118.3,121.65,3.35,0.2476,0.2501
0.685,6200.0,2.5,0.4,PUT,168.75,173.43,4.68,0.2241,0.2269
0.685,6600.0,2.6000000000000227,0.38461538461538125,PUT,245.5,250.61,5.11,0.1986,0.2012
0.685,7250.0,2.7000000000000455,0.37037037037036413,CALL,276.75,279.34,2.59,0.1561,0.1572
0.685,7650.0,2.1999999999999886,0.4545454545454569,CALL,115.6,117.41,1.81,0.1368,0.1377
0.685,8300.0,1.2000000000000028,0.8333333333333314,CALL,20.1,31.44,11.34,0.1252,0.1389
0.781,5075.0,1.8000000000000114,0.555555555555552,PUT,69.7,69.34,-0.36,0.2929,0.2925
0.781,5475.0,2.0999999999999943,0.4761904761904775,PUT,98.95,100.93,1.98,0.2672,0.2689
0.781,5850.0,2.3000000000000114,0.43478260869565005,PUT,138.65,142.17,3.52,0.2448,0.2472
0.781,6250.0,2.6999999999999886,0.3703703703703719,PUT,198.55,202.91,4.36,0.2215,0.2239
0.781,6625.0,2.7999999999999545,0.3571428571428629,PUT,276.5,280.97,4.47,0.1993,0.2014
0.781,7300.0,3.1000000000000227,0.322580645161288,CALL,292.55,297.55,5.0,0.1577,0.1598
0.781,7675.0,2.5,0.4,CALL,139.15,142.89,3.74,0.1403,0.1422
0.781,8500.0,1.2000000000000028,0.8333333333333314,CALL,18.7,30.7,12.0,0.127,0.1417
0.858,5125.0,2.0999999999999943,0.4761904761904775,PUT,80.35,82.08,1.73,0.2856,0.2873
0.858,5525.0,2.3000000000000114,0.43478260869565005,PUT,113.45,117.36,3.91,0.2615,0.2645
0.858,5900.0,2.3000000000000114,0.43478260869565005,PUT,157.35,162.75,5.4,0.2403,0.2436
0.858,6275.0,2.6999999999999886,0.3703703703703719,PUT,218.05,223.95,5.9,0.2197,0.2227
0.858,6675.0,3.0,0.3333333333333333,PUT,306.1,312.37,6.27,0.1973,0.2
0.858,7325.0,2.8999999999999773,0.34482758620689924,CALL,309.95,319.08,9.13,0.1588,0.1625
0.858,7725.0,2.6000000000000227,0.38461538461538125,CALL,147.1,154.33,7.23,0.1413,0.1446
0.858,8400.0,1.2999999999999972,0.7692307692307709,CALL,32.05,45.23,13.18,0.1288,0.1406
0.894,5300.0,2.1999999999999886,0.4545454545454569,PUT,96.9,100.95,4.05,0.273,0.2765
0.894,5775.0,2.3999999999999773,0.4166666666666706,PUT,145.9,152.23,6.33,0.2461,0.2502
0.894,6010.0,2.6999999999999886,0.3703703703703719,PUT,178.55,185.73,7.18,0.2333,0.2374
0.894,6115.0,2.8000000000000114,0.3571428571428557,PUT,195.4,202.79,7.39,0.2277,0.2316
0.894,6235.0,2.8000000000000114,0.3571428571428557,PUT,216.4,224.07,7.67,0.2212,0.2251
0.894,6400.0,2.8000000000000114,0.3571428571428557,PUT,248.6,256.7,8.1,0.2122,0.216
0.894,6510.0,3.0,0.3333333333333333,PUT,272.3,280.85,8.55,0.2061,0.21
0.894,6625.0,0.8999999999999773,1.1111111111111391,PUT,300.45,308.37,7.92,0.2001,0.2036
0.894,6725.0,3.0,0.3333333333333333,PUT,325.2,334.37,9.17,0.1941,0.1979
0.894,7115.0,3.5,0.2857142857142857,CALL,439.05,452.08,13.03,0.1708,0.1759
0.894,7200.0,3.5,0.2857142857142857,CALL,389.95,402.79,12.84,0.1662,0.1711
0.894,7295.0,3.5,0.2857142857142857,CALL,338.35,350.77,12.42,0.1611,0.1659
0.894,7415.0,3.3999999999999773,0.2941176470588255,CALL,278.7,290.32,11.62,0.155,0.1596
0.894,7550.0,3.3000000000000114,0.303030303030302,CALL,219.65,230.35,10.7,0.1488,0.1532
0.894,7700.0,2.8000000000000114,0.3571428571428557,CALL,164.8,174.93,10.13,0.1428,0.1473
0.894,7900.0,2.8000000000000114,0.3571428571428557,CALL,109.1,119.83,10.73,0.1367,0.1421
0.894,8025.0,2.5,0.4,CALL,83.05,95.03,11.98,0.1338,0.1405
0.894,8190.0,2.299999999999997,0.4347826086956527,CALL,57.25,70.88,13.63,0.1309,0.14
0.934,4950.0,5.199999999999989,0.19230769230769273,PUT,75.4,78.41,3.01,0.2922,0.2953
0.934,5325.0,5.5,0.18181818181818182,PUT,102.95,108.64,5.69,0.2696,0.2742
0.934,5725.0,6.100000000000023,0.16393442622950757,PUT,144.45,152.51,8.06,0.2474,0.2525
0.934,6100.0,4.699999999999989,0.212765957446809,PUT,198.55,208.09,9.54,0.2275,0.2325
0.934,6500.0,4.600000000000023,0.21739130434782503,PUT,276.0,287.64,11.64,0.2059,0.2111
0.934,7150.0,8.799999999999955,0.11363636363636423,CALL,436.5,449.32,12.82,0.1707,0.1756
0.934,7550.0,7.899999999999977,0.12658227848101303,CALL,234.85,246.63,11.78,0.1507,0.1554
0.934,7950.0,6.599999999999994,0.15151515151515166,CALL,108.1,119.98,11.88,0.137,0.1429
1.03,5000.0,5.599999999999994,0.17857142857142874,PUT,87.6,92.69,5.09,0.2856,0.2902
1.03,5475.0,6.300000000000011,0.15873015873015844,PUT,129.05,137.23,8.18,0.2591,0.2647
1.03,6075.0,7.0,0.14285714285714285,PUT,210.8,221.75,10.95,0.2284,0.2339
1.03,6625.0,7.7000000000000455,0.1298701298701291,PUT,324.85,339.31,14.46,0.2002,0.206
1.03,7500.0,8.899999999999977,0.11235955056179804,CALL,289.65,307.68,18.03,0.1557,0.1624
1.03,8100.0,7.0,0.14285714285714285,CALL,97.7,114.29,16.59,0.1359,0.1443
1.107,5000.0,5.0,0.2,PUT,95.1,101.17,6.07,0.2835,0.2887
1.107,5500.0,5.600000000000023,0.17857142857142785,PUT,141.8,150.88,9.08,0.2568,0.2626
1.107,5900.0,6.0,0.16666666666666666,PUT,195.3,205.97,10.67,0.2371,0.2426
1.107,6300.0,6.5,0.15384615384615385,PUT,266.75,279.2,12.45,0.2177,0.2231
1.107,6675.0,7.0,0.14285714285714285,PUT,353.5,368.96,15.46,0.1991,0.205
1.107,7350.0,8.200000000000045,0.12195121951219444,CALL,390.0,413.33,23.33,0.1645,0.1726
1.107,7725.0,7.300000000000011,0.1369863013698628,CALL,222.55,244.22,21.67,0.1487,0.1569
1.107,9000.0,3.3999999999999986,0.29411764705882365,CALL,20.5,36.0,15.5,0.1305,0.1471
